Plot,Forest type ,Richness,Abundance
1,Mixed-coniferous,3.81081081081081,5.89189189189189
2,Mixed-coniferous,3.10714285714286,4.28571428571429
3,Mixed-coniferous-broadleaved,3.03448275862069,3.89655172413793
4,Mixed-coniferous-broadleaved,3.02777777777778,4.69444444444444
5,Mixed-coniferous-broadleaved,2.22222222222222,3.31111111111111
6,Mixed-coniferous-broadleaved,3.15789473684211,3.78947368421053
7,Mixed-coniferous-broadleaved,3.75862068965517,5
8,Mixed-coniferous,2.59615384615385,4.51923076923077
9,Mixed-coniferous-broadleaved,2.94117647058824,4.41176470588235
10,Mixed-coniferous,2.74193548387097,3.83870967741935
11,Mixed-coniferous-broadleaved,3.17241379310345,3.86206896551724
12,Mixed-coniferous-broadleaved,3.25,3.5
13,Mixed-coniferous-broadleaved,2.5,3.5625
14,Mixed-coniferous-broadleaved,4.55555555555556,6
15,Mixed-coniferous-broadleaved,3.42105263157895,4.26315789473684
16,Mixed-coniferous-broadleaved,3.66666666666667,6.33333333333333
17,Mixed-coniferous-broadleaved,3.77777777777778,5.11111111111111
18,Mixed-coniferous-broadleaved,3.08333333333333,4.08333333333333
19,Mixed-coniferous-broadleaved,3.64705882352941,4.47058823529412
20,Mixed-coniferous-broadleaved,3.2,4.3
21,Mixed-coniferous-broadleaved,2.86666666666667,3.93333333333333
22,Mixed-coniferous-broadleaved,3.16666666666667,4.16666666666667
23,Mixed-coniferous-broadleaved,3.41176470588235,4.52941176470588